"0","lines.list
"
"1","[[1]]
"
"1","An object of class "
"1","""Line"""
"1","
"
"1","Slot "
"1","""coords"""
"1",":
"
"1"," "
"1","  long"
"1","   lat"
"1","
 "
"1"," 46.77"
"1"," 24.65"
"1","
x"
"1"," 69.17"
"1"," 34.53"
"1","
"
"1","
"
"1","
"
"1","[[2]]
"
"1","An object of class "
"1","""Line"""
"1","
"
"1","Slot "
"1","""coords"""
"1",":
"
"1"," "
"1","  long"
"1","   lat"
"1","
 "
"1"," 46.77"
"1"," 24.65"
"1","
x"
"1","  3.04"
"1"," 36.77"
"1","
"
"1","
"
"1","
"
"1","[[3]]
"
"1","An object of class "
"1","""Line"""
"1","
"
"1","Slot "
"1","""coords"""
"1",":
"
"1"," "
"1","  long"
"1","   lat"
"1","
 "
"1"," 46.77"
"1"," 24.65"
"1","
x"
"1"," 13.24"
"1"," -8.82"
"1","
"
"1","
"
"1","
"
"1","[[4]]
"
"1","An object of class "
"1","""Line"""
"1","
"
"1","Slot "
"1","""coords"""
"1",":
"
"1"," "
"1","   long"
"1","    lat"
"1","
 "
"1","  46.77"
"1","  24.65"
"1","
x"
"1"," -58.37"
"1"," -34.61"
"1","
"
"1","
"
"1","
"
"1","[[5]]
"
"1","An object of class "
"1","""Line"""
"1","
"
"1","Slot "
"1","""coords"""
"1",":
"
"1"," "
"1","  long"
"1","   lat"
"1","
 "
"1"," 46.77"
"1"," 24.65"
"1","
x"
"1"," 44.52"
"1"," 40.17"
"1","
"
"1","
"
"1","
"
"1","[[6]]
"
"1","An object of class "
"1","""Line"""
"1","
"
"1","Slot "
"1","""coords"""
"1",":
"
"1"," "
"1","   long"
"1","   lat"
"1","
 "
"1","  46.77"
"1"," 24.65"
"1","
x"
"1"," -70.03"
"1"," 12.53"
"1","
"
"1","
"
"1","
"
"1","[[7]]
"
"1","An object of class "
"1","""Line"""
"1","
"
"1","Slot "
"1","""coords"""
"1",":
"
"1"," "
"1","   long"
"1","    lat"
"1","
 "
"1","  46.77"
"1","  24.65"
"1","
x"
"1"," 149.13"
"1"," -35.31"
"1","
"
"1","
"
"1","
"
"1","[[8]]
"
"1","An object of class "
"1","""Line"""
"1","
"
"1","Slot "
"1","""coords"""
"1",":
"
"1"," "
"1","  long"
"1","   lat"
"1","
 "
"1"," 46.77"
"1"," 24.65"
"1","
x"
"1"," 16.37"
"1"," 48.22"
"1","
"
"1","
"
"1","
"
"1","[[9]]
"
"1","An object of class "
"1","""Line"""
"1","
"
"1","Slot "
"1","""coords"""
"1",":
"
"1"," "
"1","  long"
"1","   lat"
"1","
 "
"1"," 46.77"
"1"," 24.65"
"1","
x"
"1"," 50.58"
"1"," 26.21"
"1","
"
"1","
"
"1","
"
"1","[[10]]
"
"1","An object of class "
"1","""Line"""
"1","
"
"1","Slot "
"1","""coords"""
"1",":
"
"1"," "
"1","  long"
"1","   lat"
"1","
 "
"1"," 46.77"
"1"," 24.65"
"1","
x"
"1"," 90.39"
"1"," 23.70"
"1","
"
"1","
"
"1","
"
"1","[[11]]
"
"1","An object of class "
"1","""Line"""
"1","
"
"1","Slot "
"1","""coords"""
"1",":
"
"1"," "
"1","  long"
"1","   lat"
"1","
 "
"1"," 46.77"
"1"," 24.65"
"1","
x"
"1"," 27.55"
"1"," 53.91"
"1","
"
"1","
"
"1","
"
"1","[[12]]
"
"1","An object of class "
"1","""Line"""
"1","
"
"1","Slot "
"1","""coords"""
"1",":
"
"1"," "
"1","  long"
"1","   lat"
"1","
 "
"1"," 46.77"
"1"," 24.65"
"1","
x"
"1","  4.33"
"1"," 50.83"
"1","
"
"1","
"
"1","
"
"1","[[13]]
"
"1","An object of class "
"1","""Line"""
"1","
"
"1","Slot "
"1","""coords"""
"1",":
"
"1"," "
"1","  long"
"1","   lat"
"1","
 "
"1"," 46.77"
"1"," 24.65"
"1","
x"
"1","  2.63"
"1","  6.48"
"1","
"
"1","
"
"1","
"
"1","[[14]]
"
"1","An object of class "
"1","""Line"""
"1","
"
"1","Slot "
"1","""coords"""
"1",":
"
"1"," "
"1","   long"
"1","    lat"
"1","
 "
"1","  46.77"
"1","  24.65"
"1","
x"
"1"," -47.91"
"1"," -15.78"
"1","
"
"1","
"
"1","
"
"1","[[15]]
"
"1","An object of class "
"1","""Line"""
"1","
"
"1","Slot "
"1","""coords"""
"1",":
"
"1"," "
"1","  long"
"1","   lat"
"1","
 "
"1"," 46.77"
"1"," 24.65"
"1","
x"
"1"," 23.31"
"1"," 42.69"
"1","
"
"1","
"
"1","
"
"1","[[16]]
"
"1","An object of class "
"1","""Line"""
"1","
"
"1","Slot "
"1","""coords"""
"1",":
"
"1"," "
"1","  long"
"1","   lat"
"1","
 "
"1"," 46.77"
"1"," 24.65"
"1","
x"
"1"," 29.35"
"1"," -3.37"
"1","
"
"1","
"
"1","
"
"1","[[17]]
"
"1","An object of class "
"1","""Line"""
"1","
"
"1","Slot "
"1","""coords"""
"1",":
"
"1"," "
"1","   long"
"1","   lat"
"1","
 "
"1","  46.77"
"1"," 24.65"
"1","
x"
"1"," 104.92"
"1"," 11.57"
"1","
"
"1","
"
"1","
"
"1","[[18]]
"
"1","An object of class "
"1","""Line"""
"1","
"
"1","Slot "
"1","""coords"""
"1",":
"
"1"," "
"1","  long"
"1","   lat"
"1","
 "
"1"," 46.77"
"1"," 24.65"
"1","
x"
"1"," 11.52"
"1","  3.87"
"1","
"
"1","
"
"1","
"
"1","[[19]]
"
"1","An object of class "
"1","""Line"""
"1","
"
"1","Slot "
"1","""coords"""
"1",":
"
"1"," "
"1","   long"
"1","   lat"
"1","
 "
"1","  46.77"
"1"," 24.65"
"1","
x"
"1"," -75.71"
"1"," 45.42"
"1","
"
"1","
"
"1","
"
"1","[[20]]
"
"1","An object of class "
"1","""Line"""
"1","
"
"1","Slot "
"1","""coords"""
"1",":
"
"1"," "
"1","   long"
"1","    lat"
"1","
 "
"1","  46.77"
"1","  24.65"
"1","
x"
"1"," -70.64"
"1"," -33.46"
"1","
"
"1","
"
"1","
"
"1","[[21]]
"
"1","An object of class "
"1","""Line"""
"1","
"
"1","Slot "
"1","""coords"""
"1",":
"
"1"," "
"1","   long"
"1","   lat"
"1","
 "
"1","  46.77"
"1"," 24.65"
"1","
x"
"1"," 116.40"
"1"," 39.93"
"1","
"
"1","
"
"1","
"
"1","[[22]]
"
"1","An object of class "
"1","""Line"""
"1","
"
"1","Slot "
"1","""coords"""
"1",":
"
"1"," "
"1","   long"
"1","   lat"
"1","
 "
"1","  46.77"
"1"," 24.65"
"1","
x"
"1"," -74.09"
"1","  4.63"
"1","
"
"1","
"
"1","
"
"1","[[23]]
"
"1","An object of class "
"1","""Line"""
"1","
"
"1","Slot "
"1","""coords"""
"1",":
"
"1"," "
"1","  long"
"1","    lat"
"1","
 "
"1"," 46.77"
"1","  24.65"
"1","
x"
"1"," 43.23"
"1"," -11.74"
"1","
"
"1","
"
"1","
"
"1","[[24]]
"
"1","An object of class "
"1","""Line"""
"1","
"
"1","Slot "
"1","""coords"""
"1",":
"
"1"," "
"1","  long"
"1","   lat"
"1","
 "
"1"," 46.77"
"1"," 24.65"
"1","
x"
"1"," 15.26"
"1"," -4.25"
"1","
"
"1","
"
"1","
"
"1","[[25]]
"
"1","An object of class "
"1","""Line"""
"1","
"
"1","Slot "
"1","""coords"""
"1",":
"
"1"," "
"1","   long"
"1","   lat"
"1","
 "
"1","  46.77"
"1"," 24.65"
"1","
x"
"1"," -85.13"
"1"," 10.97"
"1","
"
"1","
"
"1","
"
"1","[[26]]
"
"1","An object of class "
"1","""Line"""
"1","
"
"1","Slot "
"1","""coords"""
"1",":
"
"1"," "
"1","   long"
"1","   lat"
"1","
 "
"1","  46.77"
"1"," 24.65"
"1","
x"
"1"," -84.08"
"1","  9.93"
"1","
"
"1","
"
"1","
"
"1","[[27]]
"
"1","An object of class "
"1","""Line"""
"1","
"
"1","Slot "
"1","""coords"""
"1",":
"
"1"," "
"1","  long"
"1","   lat"
"1","
 "
"1"," 46.77"
"1"," 24.65"
"1","
x"
"1"," 15.97"
"1"," 45.80"
"1","
"
"1","
"
"1","
"
"1","[[28]]
"
"1","An object of class "
"1","""Line"""
"1","
"
"1","Slot "
"1","""coords"""
"1",":
"
"1"," "
"1","   long"
"1","   lat"
"1","
 "
"1","  46.77"
"1"," 24.65"
"1","
x"
"1"," -82.39"
"1"," 23.13"
"1","
"
"1","
"
"1","
"
"1","[[29]]
"
"1","An object of class "
"1","""Line"""
"1","
"
"1","Slot "
"1","""coords"""
"1",":
"
"1"," "
"1","  long"
"1","   lat"
"1","
 "
"1"," 46.77"
"1"," 24.65"
"1","
x"
"1"," 33.38"
"1"," 35.16"
"1","
"
"1","
"
"1","
"
"1","[[30]]
"
"1","An object of class "
"1","""Line"""
"1","
"
"1","Slot "
"1","""coords"""
"1",":
"
"1"," "
"1","  long"
"1","   lat"
"1","
 "
"1"," 46.77"
"1"," 24.65"
"1","
x"
"1"," 33.37"
"1"," 35.18"
"1","
"
"1","
"
"1","
"
"1","[[31]]
"
"1","An object of class "
"1","""Line"""
"1","
"
"1","Slot "
"1","""coords"""
"1",":
"
"1"," "
"1","  long"
"1","   lat"
"1","
 "
"1"," 46.77"
"1"," 24.65"
"1","
x"
"1"," 14.43"
"1"," 50.08"
"1","
"
"1","
"
"1","
"
"1","[[32]]
"
"1","An object of class "
"1","""Line"""
"1","
"
"1","Slot "
"1","""coords"""
"1",":
"
"1"," "
"1","  long"
"1","   lat"
"1","
 "
"1"," 46.77"
"1"," 24.65"
"1","
x"
"1"," 12.57"
"1"," 55.68"
"1","
"
"1","
"
"1","
"
"1","[[33]]
"
"1","An object of class "
"1","""Line"""
"1","
"
"1","Slot "
"1","""coords"""
"1",":
"
"1"," "
"1","  long"
"1","   lat"
"1","
 "
"1"," 46.77"
"1"," 24.65"
"1","
x"
"1"," 43.15"
"1"," 11.56"
"1","
"
"1","
"
"1","
"
"1","[[34]]
"
"1","An object of class "
"1","""Line"""
"1","
"
"1","Slot "
"1","""coords"""
"1",":
"
"1"," "
"1","   long"
"1","   lat"
"1","
 "
"1","  46.77"
"1"," 24.65"
"1","
x"
"1"," -61.39"
"1"," 15.30"
"1","
"
"1","
"
"1","
"
"1","[[35]]
"
"1","An object of class "
"1","""Line"""
"1","
"
"1","Slot "
"1","""coords"""
"1",":
"
"1"," "
"1","   long"
"1","   lat"
"1","
 "
"1","  46.77"
"1"," 24.65"
"1","
x"
"1"," -69.91"
"1"," 18.48"
"1","
"
"1","
"
"1","
"
"1","[[36]]
"
"1","An object of class "
"1","""Line"""
"1","
"
"1","Slot "
"1","""coords"""
"1",":
"
"1"," "
"1","   long"
"1","   lat"
"1","
 "
"1","  46.77"
"1"," 24.65"
"1","
x"
"1"," -78.50"
"1"," -0.19"
"1","
"
"1","
"
"1","
"
"1","[[37]]
"
"1","An object of class "
"1","""Line"""
"1","
"
"1","Slot "
"1","""coords"""
"1",":
"
"1"," "
"1","  long"
"1","   lat"
"1","
 "
"1"," 46.77"
"1"," 24.65"
"1","
x"
"1"," 31.25"
"1"," 30.06"
"1","
"
"1","
"
"1","
"
"1","[[38]]
"
"1","An object of class "
"1","""Line"""
"1","
"
"1","Slot "
"1","""coords"""
"1",":
"
"1"," "
"1","  long"
"1","   lat"
"1","
 "
"1"," 46.77"
"1"," 24.65"
"1","
x"
"1"," 24.74"
"1"," 59.44"
"1","
"
"1","
"
"1","
"
"1","[[39]]
"
"1","An object of class "
"1","""Line"""
"1","
"
"1","Slot "
"1","""coords"""
"1",":
"
"1"," "
"1","  long"
"1","   lat"
"1","
 "
"1"," 46.77"
"1"," 24.65"
"1","
x"
"1"," 38.74"
"1","  9.03"
"1","
"
"1","
"
"1","
"
"1","[[40]]
"
"1","An object of class "
"1","""Line"""
"1","
"
"1","Slot "
"1","""coords"""
"1",":
"
"1"," "
"1","  long"
"1","   lat"
"1","
 "
"1"," 46.77"
"1"," 24.65"
"1","
x"
"1"," 24.94"
"1"," 60.17"
"1","
"
"1","
"
"1","
"
"1","[[41]]
"
"1","An object of class "
"1","""Line"""
"1","
"
"1","Slot "
"1","""coords"""
"1",":
"
"1"," "
"1","  long"
"1","   lat"
"1","
 "
"1"," 46.77"
"1"," 24.65"
"1","
x"
"1","  2.34"
"1"," 48.86"
"1","
"
"1","
"
"1","
"
"1","[[42]]
"
"1","An object of class "
"1","""Line"""
"1","
"
"1","Slot "
"1","""coords"""
"1",":
"
"1"," "
"1","  long"
"1","   lat"
"1","
 "
"1"," 46.77"
"1"," 24.65"
"1","
x"
"1","  9.45"
"1","  0.39"
"1","
"
"1","
"
"1","
"
"1","[[43]]
"
"1","An object of class "
"1","""Line"""
"1","
"
"1","Slot "
"1","""coords"""
"1",":
"
"1"," "
"1","  long"
"1","   lat"
"1","
 "
"1"," 46.77"
"1"," 24.65"
"1","
x"
"1"," 44.79"
"1"," 41.72"
"1","
"
"1","
"
"1","
"
"1","[[44]]
"
"1","An object of class "
"1","""Line"""
"1","
"
"1","Slot "
"1","""coords"""
"1",":
"
"1"," "
"1","  long"
"1","   lat"
"1","
 "
"1"," 46.77"
"1"," 24.65"
"1","
x"
"1"," 13.38"
"1"," 52.52"
"1","
"
"1","
"
"1","
"
"1","[[45]]
"
"1","An object of class "
"1","""Line"""
"1","
"
"1","Slot "
"1","""coords"""
"1",":
"
"1"," "
"1","  long"
"1","   lat"
"1","
 "
"1"," 46.77"
"1"," 24.65"
"1","
x"
"1"," -0.20"
"1","  5.56"
"1","
"
"1","
"
"1","
"
"1","[[46]]
"
"1","An object of class "
"1","""Line"""
"1","
"
"1","Slot "
"1","""coords"""
"1",":
"
"1"," "
"1","  long"
"1","   lat"
"1","
 "
"1"," 46.77"
"1"," 24.65"
"1","
x"
"1"," 23.73"
"1"," 37.98"
"1","
"
"1","
"
"1","
"
"1","[[47]]
"
"1","An object of class "
"1","""Line"""
"1","
"
"1","Slot "
"1","""coords"""
"1",":
"
"1"," "
"1","   long"
"1","   lat"
"1","
 "
"1","  46.77"
"1"," 24.65"
"1","
x"
"1"," -90.55"
"1"," 14.63"
"1","
"
"1","
"
"1","
"
"1","[[48]]
"
"1","An object of class "
"1","""Line"""
"1","
"
"1","Slot "
"1","""coords"""
"1",":
"
"1"," "
"1","   long"
"1","   lat"
"1","
 "
"1","  46.77"
"1"," 24.65"
"1","
x"
"1"," -87.22"
"1"," 14.09"
"1","
"
"1","
"
"1","
"
"1","[[49]]
"
"1","An object of class "
"1","""Line"""
"1","
"
"1","Slot "
"1","""coords"""
"1",":
"
"1"," "
"1","  long"
"1","   lat"
"1","
 "
"1"," 46.77"
"1"," 24.65"
"1","
x"
"1"," 19.08"
"1"," 47.51"
"1","
"
"1","
"
"1","
"
"1","[[50]]
"
"1","An object of class "
"1","""Line"""
"1","
"
"1","Slot "
"1","""coords"""
"1",":
"
"1"," "
"1","   long"
"1","   lat"
"1","
 "
"1","  46.77"
"1"," 24.65"
"1","
x"
"1"," -21.92"
"1"," 64.14"
"1","
"
"1","
"
"1","
"
"1","[[51]]
"
"1","An object of class "
"1","""Line"""
"1","
"
"1","Slot "
"1","""coords"""
"1",":
"
"1"," "
"1","  long"
"1","   lat"
"1","
 "
"1"," 46.77"
"1"," 24.65"
"1","
x"
"1"," 77.22"
"1"," 28.60"
"1","
"
"1","
"
"1","
"
"1","[[52]]
"
"1","An object of class "
"1","""Line"""
"1","
"
"1","Slot "
"1","""coords"""
"1",":
"
"1"," "
"1","   long"
"1","   lat"
"1","
 "
"1","  46.77"
"1"," 24.65"
"1","
x"
"1"," 106.83"
"1"," -6.18"
"1","
"
"1","
"
"1","
"
"1","[[53]]
"
"1","An object of class "
"1","""Line"""
"1","
"
"1","Slot "
"1","""coords"""
"1",":
"
"1"," "
"1","  long"
"1","   lat"
"1","
 "
"1"," 46.77"
"1"," 24.65"
"1","
x"
"1"," 51.43"
"1"," 35.67"
"1","
"
"1","
"
"1","
"
"1","[[54]]
"
"1","An object of class "
"1","""Line"""
"1","
"
"1","Slot "
"1","""coords"""
"1",":
"
"1"," "
"1","  long"
"1","   lat"
"1","
 "
"1"," 46.77"
"1"," 24.65"
"1","
x"
"1"," 44.44"
"1"," 33.33"
"1","
"
"1","
"
"1","
"
"1","[[55]]
"
"1","An object of class "
"1","""Line"""
"1","
"
"1","Slot "
"1","""coords"""
"1",":
"
"1"," "
"1","  long"
"1","   lat"
"1","
 "
"1"," 46.77"
"1"," 24.65"
"1","
x"
"1"," -6.25"
"1"," 53.33"
"1","
"
"1","
"
"1","
"
"1","[[56]]
"
"1","An object of class "
"1","""Line"""
"1","
"
"1","Slot "
"1","""coords"""
"1",":
"
"1"," "
"1","  long"
"1","   lat"
"1","
 "
"1"," 46.77"
"1"," 24.65"
"1","
x"
"1"," 12.50"
"1"," 41.89"
"1","
"
"1","
"
"1","
"
"1","[[57]]
"
"1","An object of class "
"1","""Line"""
"1","
"
"1","Slot "
"1","""coords"""
"1",":
"
"1"," "
"1","   long"
"1","   lat"
"1","
 "
"1","  46.77"
"1"," 24.65"
"1","
x"
"1"," -76.80"
"1"," 17.99"
"1","
"
"1","
"
"1","
"
"1","[[58]]
"
"1","An object of class "
"1","""Line"""
"1","
"
"1","Slot "
"1","""coords"""
"1",":
"
"1"," "
"1","   long"
"1","   lat"
"1","
 "
"1","  46.77"
"1"," 24.65"
"1","
x"
"1"," 139.77"
"1"," 35.67"
"1","
"
"1","
"
"1","
"
"1","[[59]]
"
"1","An object of class "
"1","""Line"""
"1","
"
"1","Slot "
"1","""coords"""
"1",":
"
"1"," "
"1","  long"
"1","   lat"
"1","
 "
"1"," 46.77"
"1"," 24.65"
"1","
x"
"1"," 35.93"
"1"," 31.95"
"1","
"
"1","
"
"1","
"
"1","[[60]]
"
"1","An object of class "
"1","""Line"""
"1","
"
"1","Slot "
"1","""coords"""
"1",":
"
"1"," "
"1","  long"
"1","   lat"
"1","
 "
"1"," 46.77"
"1"," 24.65"
"1","
x"
"1"," 71.47"
"1"," 51.17"
"1","
"
"1","
"
"1","
"
"1","[[61]]
"
"1","An object of class "
"1","""Line"""
"1","
"
"1","Slot "
"1","""coords"""
"1",":
"
"1"," "
"1","  long"
"1","   lat"
"1","
 "
"1"," 46.77"
"1"," 24.65"
"1","
x"
"1"," 36.82"
"1"," -1.29"
"1","
"
"1","
"
"1","
"
"1","[[62]]
"
"1","An object of class "
"1","""Line"""
"1","
"
"1","Slot "
"1","""coords"""
"1",":
"
"1"," "
"1","  long"
"1","   lat"
"1","
 "
"1"," 46.77"
"1"," 24.65"
"1","
x"
"1"," 47.99"
"1"," 29.38"
"1","
"
"1","
"
"1","
"
"1","[[63]]
"
"1","An object of class "
"1","""Line"""
"1","
"
"1","Slot "
"1","""coords"""
"1",":
"
"1"," "
"1","  long"
"1","   lat"
"1","
 "
"1"," 46.77"
"1"," 24.65"
"1","
x"
"1"," 24.13"
"1"," 56.97"
"1","
"
"1","
"
"1","
"
"1","[[64]]
"
"1","An object of class "
"1","""Line"""
"1","
"
"1","Slot "
"1","""coords"""
"1",":
"
"1"," "
"1","  long"
"1","   lat"
"1","
 "
"1"," 46.77"
"1"," 24.65"
"1","
x"
"1"," 35.50"
"1"," 33.88"
"1","
"
"1","
"
"1","
"
"1","[[65]]
"
"1","An object of class "
"1","""Line"""
"1","
"
"1","Slot "
"1","""coords"""
"1",":
"
"1"," "
"1","  long"
"1","   lat"
"1","
 "
"1"," 46.77"
"1"," 24.65"
"1","
x"
"1","  9.53"
"1"," 47.14"
"1","
"
"1","
"
"1","
"
"1","[[66]]
"
"1","An object of class "
"1","""Line"""
"1","
"
"1","Slot "
"1","""coords"""
"1",":
"
"1"," "
"1","  long"
"1","   lat"
"1","
 "
"1"," 46.77"
"1"," 24.65"
"1","
x"
"1"," 25.27"
"1"," 54.70"
"1","
"
"1","
"
"1","
"
"1","[[67]]
"
"1","An object of class "
"1","""Line"""
"1","
"
"1","Slot "
"1","""coords"""
"1",":
"
"1"," "
"1","  long"
"1","   lat"
"1","
 "
"1"," 46.77"
"1"," 24.65"
"1","
x"
"1","  6.12"
"1"," 49.62"
"1","
"
"1","
"
"1","
"
"1","[[68]]
"
"1","An object of class "
"1","""Line"""
"1","
"
"1","Slot "
"1","""coords"""
"1",":
"
"1"," "
"1","  long"
"1","   lat"
"1","
 "
"1"," 46.77"
"1"," 24.65"
"1","
x"
"1"," 21.47"
"1"," 42.00"
"1","
"
"1","
"
"1","
"
"1","[[69]]
"
"1","An object of class "
"1","""Line"""
"1","
"
"1","Slot "
"1","""coords"""
"1",":
"
"1"," "
"1","  long"
"1","    lat"
"1","
 "
"1"," 46.77"
"1","  24.65"
"1","
x"
"1"," 47.51"
"1"," -18.89"
"1","
"
"1","
"
"1","
"
"1","[[70]]
"
"1","An object of class "
"1","""Line"""
"1","
"
"1","Slot "
"1","""coords"""
"1",":
"
"1"," "
"1","   long"
"1","   lat"
"1","
 "
"1","  46.77"
"1"," 24.65"
"1","
x"
"1"," 101.71"
"1","  3.16"
"1","
"
"1","
"
"1","
"
"1","[[71]]
"
"1","An object of class "
"1","""Line"""
"1","
"
"1","Slot "
"1","""coords"""
"1",":
"
"1"," "
"1","  long"
"1","   lat"
"1","
 "
"1"," 46.77"
"1"," 24.65"
"1","
x"
"1"," 73.50"
"1","  4.17"
"1","
"
"1","
"
"1","
"
"1","[[72]]
"
"1","An object of class "
"1","""Line"""
"1","
"
"1","Slot "
"1","""coords"""
"1",":
"
"1"," "
"1","  long"
"1","   lat"
"1","
 "
"1"," 46.77"
"1"," 24.65"
"1","
x"
"1"," 14.52"
"1"," 35.91"
"1","
"
"1","
"
"1","
"
"1","[[73]]
"
"1","An object of class "
"1","""Line"""
"1","
"
"1","Slot "
"1","""coords"""
"1",":
"
"1"," "
"1","   long"
"1","   lat"
"1","
 "
"1","  46.77"
"1"," 24.65"
"1","
x"
"1"," -15.98"
"1"," 18.09"
"1","
"
"1","
"
"1","
"
"1","[[74]]
"
"1","An object of class "
"1","""Line"""
"1","
"
"1","Slot "
"1","""coords"""
"1",":
"
"1"," "
"1","  long"
"1","    lat"
"1","
 "
"1"," 46.77"
"1","  24.65"
"1","
x"
"1"," 57.51"
"1"," -20.17"
"1","
"
"1","
"
"1","
"
"1","[[75]]
"
"1","An object of class "
"1","""Line"""
"1","
"
"1","Slot "
"1","""coords"""
"1",":
"
"1"," "
"1","   long"
"1","   lat"
"1","
 "
"1","  46.77"
"1"," 24.65"
"1","
x"
"1"," -99.14"
"1"," 19.43"
"1","
"
"1","
"
"1","
"
"1","[[76]]
"
"1","An object of class "
"1","""Line"""
"1","
"
"1","Slot "
"1","""coords"""
"1",":
"
"1"," "
"1","  long"
"1","   lat"
"1","
 "
"1"," 46.77"
"1"," 24.65"
"1","
x"
"1"," 28.83"
"1"," 47.03"
"1","
"
"1","
"
"1","
"
"1","[[77]]
"
"1","An object of class "
"1","""Line"""
"1","
"
"1","Slot "
"1","""coords"""
"1",":
"
"1"," "
"1","   long"
"1","   lat"
"1","
 "
"1","  46.77"
"1"," 24.65"
"1","
x"
"1"," 106.91"
"1"," 47.93"
"1","
"
"1","
"
"1","
"
"1","[[78]]
"
"1","An object of class "
"1","""Line"""
"1","
"
"1","Slot "
"1","""coords"""
"1",":
"
"1"," "
"1","  long"
"1","   lat"
"1","
 "
"1"," 46.77"
"1"," 24.65"
"1","
x"
"1"," -6.84"
"1"," 34.02"
"1","
"
"1","
"
"1","
"
"1","[[79]]
"
"1","An object of class "
"1","""Line"""
"1","
"
"1","Slot "
"1","""coords"""
"1",":
"
"1"," "
"1","  long"
"1","    lat"
"1","
 "
"1"," 46.77"
"1","  24.65"
"1","
x"
"1"," 32.57"
"1"," -25.95"
"1","
"
"1","
"
"1","
"
"1","[[80]]
"
"1","An object of class "
"1","""Line"""
"1","
"
"1","Slot "
"1","""coords"""
"1",":
"
"1"," "
"1","  long"
"1","   lat"
"1","
 "
"1"," 46.77"
"1"," 24.65"
"1","
x"
"1"," 96.15"
"1"," 16.79"
"1","
"
"1","
"
"1","
"
"1","[[81]]
"
"1","An object of class "
"1","""Line"""
"1","
"
"1","Slot "
"1","""coords"""
"1",":
"
"1"," "
"1","  long"
"1","    lat"
"1","
 "
"1"," 46.77"
"1","  24.65"
"1","
x"
"1"," 17.09"
"1"," -22.56"
"1","
"
"1","
"
"1","
"
"1","[[82]]
"
"1","An object of class "
"1","""Line"""
"1","
"
"1","Slot "
"1","""coords"""
"1",":
"
"1"," "
"1","  long"
"1","   lat"
"1","
 "
"1"," 46.77"
"1"," 24.65"
"1","
x"
"1","  4.89"
"1"," 52.37"
"1","
"
"1","
"
"1","
"
"1","[[83]]
"
"1","An object of class "
"1","""Line"""
"1","
"
"1","Slot "
"1","""coords"""
"1",":
"
"1"," "
"1","   long"
"1","    lat"
"1","
 "
"1","  46.77"
"1","  24.65"
"1","
x"
"1"," 174.78"
"1"," -41.28"
"1","
"
"1","
"
"1","
"
"1","[[84]]
"
"1","An object of class "
"1","""Line"""
"1","
"
"1","Slot "
"1","""coords"""
"1",":
"
"1"," "
"1","   long"
"1","   lat"
"1","
 "
"1","  46.77"
"1"," 24.65"
"1","
x"
"1"," -86.27"
"1"," 12.15"
"1","
"
"1","
"
"1","
"
"1","[[85]]
"
"1","An object of class "
"1","""Line"""
"1","
"
"1","Slot "
"1","""coords"""
"1",":
"
"1"," "
"1","  long"
"1","   lat"
"1","
 "
"1"," 46.77"
"1"," 24.65"
"1","
x"
"1","  2.12"
"1"," 13.52"
"1","
"
"1","
"
"1","
"
"1","[[86]]
"
"1","An object of class "
"1","""Line"""
"1","
"
"1","Slot "
"1","""coords"""
"1",":
"
"1"," "
"1","  long"
"1","   lat"
"1","
 "
"1"," 46.77"
"1"," 24.65"
"1","
x"
"1","  7.17"
"1","  9.18"
"1","
"
"1","
"
"1","
"
"1","[[87]]
"
"1","An object of class "
"1","""Line"""
"1","
"
"1","Slot "
"1","""coords"""
"1",":
"
"1"," "
"1","  long"
"1","   lat"
"1","
 "
"1"," 46.77"
"1"," 24.65"
"1","
x"
"1"," 10.75"
"1"," 59.91"
"1","
"
"1","
"
"1","
"
"1","[[88]]
"
"1","An object of class "
"1","""Line"""
"1","
"
"1","Slot "
"1","""coords"""
"1",":
"
"1"," "
"1","  long"
"1","   lat"
"1","
 "
"1"," 46.77"
"1"," 24.65"
"1","
x"
"1"," 73.06"
"1"," 33.72"
"1","
"
"1","
"
"1","
"
"1","[[89]]
"
"1","An object of class "
"1","""Line"""
"1","
"
"1","Slot "
"1","""coords"""
"1",":
"
"1"," "
"1","   long"
"1","    lat"
"1","
 "
"1","  46.77"
"1","  24.65"
"1","
x"
"1"," -57.63"
"1"," -25.30"
"1","
"
"1","
"
"1","
"
"1","[[90]]
"
"1","An object of class "
"1","""Line"""
"1","
"
"1","Slot "
"1","""coords"""
"1",":
"
"1"," "
"1","   long"
"1","    lat"
"1","
 "
"1","  46.77"
"1","  24.65"
"1","
x"
"1"," -77.05"
"1"," -12.07"
"1","
"
"1","
"
"1","
"
"1","[[91]]
"
"1","An object of class "
"1","""Line"""
"1","
"
"1","Slot "
"1","""coords"""
"1",":
"
"1"," "
"1","   long"
"1","   lat"
"1","
 "
"1","  46.77"
"1"," 24.65"
"1","
x"
"1"," 120.97"
"1"," 14.62"
"1","
"
"1","
"
"1","
"
"1","[[92]]
"
"1","An object of class "
"1","""Line"""
"1","
"
"1","Slot "
"1","""coords"""
"1",":
"
"1"," "
"1","  long"
"1","   lat"
"1","
 "
"1"," 46.77"
"1"," 24.65"
"1","
x"
"1"," 21.02"
"1"," 52.26"
"1","
"
"1","
"
"1","
"
"1","[[93]]
"
"1","An object of class "
"1","""Line"""
"1","
"
"1","Slot "
"1","""coords"""
"1",":
"
"1"," "
"1","  long"
"1","   lat"
"1","
 "
"1"," 46.77"
"1"," 24.65"
"1","
x"
"1"," -9.14"
"1"," 38.72"
"1","
"
"1","
"
"1","
"
"1","[[94]]
"
"1","An object of class "
"1","""Line"""
"1","
"
"1","Slot "
"1","""coords"""
"1",":
"
"1"," "
"1","   long"
"1","   lat"
"1","
 "
"1","  46.77"
"1"," 24.65"
"1","
x"
"1"," -66.13"
"1"," 18.44"
"1","
"
"1","
"
"1","
"
"1","[[95]]
"
"1","An object of class "
"1","""Line"""
"1","
"
"1","Slot "
"1","""coords"""
"1",":
"
"1"," "
"1","  long"
"1","   lat"
"1","
 "
"1"," 46.77"
"1"," 24.65"
"1","
x"
"1"," 51.51"
"1"," 25.30"
"1","
"
"1","
"
"1","
"
"1","[[96]]
"
"1","An object of class "
"1","""Line"""
"1","
"
"1","Slot "
"1","""coords"""
"1",":
"
"1"," "
"1","  long"
"1","   lat"
"1","
 "
"1"," 46.77"
"1"," 24.65"
"1","
x"
"1"," 26.10"
"1"," 44.44"
"1","
"
"1","
"
"1","
"
"1","[[97]]
"
"1","An object of class "
"1","""Line"""
"1","
"
"1","Slot "
"1","""coords"""
"1",":
"
"1"," "
"1","  long"
"1","   lat"
"1","
 "
"1"," 46.77"
"1"," 24.65"
"1","
x"
"1"," 30.06"
"1"," -1.94"
"1","
"
"1","
"
"1","
"
"1","[[98]]
"
"1","An object of class "
"1","""Line"""
"1","
"
"1","Slot "
"1","""coords"""
"1",":
"
"1"," "
"1","  long"
"1","    lat"
"1","
 "
"1"," 46.77"
"1","  24.65"
"1","
x"
"1"," -5.71"
"1"," -15.92"
"1","
"
"1","
"
"1","
"
"1","[[99]]
"
"1","An object of class "
"1","""Line"""
"1","
"
"1","Slot "
"1","""coords"""
"1",":
"
"1"," "
"1","  long"
"1","   lat"
"1","
 "
"1"," 46.77"
"1"," 24.65"
"1","
x"
"1"," 12.43"
"1"," 43.94"
"1","
"
"1","
"
"1","
"
"1","[[100]]
"
"1","An object of class "
"1","""Line"""
"1","
"
"1","Slot "
"1","""coords"""
"1",":
"
"1"," "
"1","  long"
"1","   lat"
"1","
 "
"1"," 46.77"
"1"," 24.65"
"1","
x"
"1"," 55.45"
"1"," -4.62"
"1","
"
"1","
"
"1","
"
"1","[[101]]
"
"1","An object of class "
"1","""Line"""
"1","
"
"1","Slot "
"1","""coords"""
"1",":
"
"1"," "
"1","   long"
"1","   lat"
"1","
 "
"1","  46.77"
"1"," 24.65"
"1","
x"
"1"," -13.24"
"1","  8.49"
"1","
"
"1","
"
"1","
"
"1","[[102]]
"
"1","An object of class "
"1","""Line"""
"1","
"
"1","Slot "
"1","""coords"""
"1",":
"
"1"," "
"1","   long"
"1","   lat"
"1","
 "
"1","  46.77"
"1"," 24.65"
"1","
x"
"1"," 103.85"
"1","  1.30"
"1","
"
"1","
"
"1","
"
"1","[[103]]
"
"1","An object of class "
"1","""Line"""
"1","
"
"1","Slot "
"1","""coords"""
"1",":
"
"1"," "
"1","  long"
"1","   lat"
"1","
 "
"1"," 46.77"
"1"," 24.65"
"1","
x"
"1"," 17.13"
"1"," 48.16"
"1","
"
"1","
"
"1","
"
"1","[[104]]
"
"1","An object of class "
"1","""Line"""
"1","
"
"1","Slot "
"1","""coords"""
"1",":
"
"1"," "
"1","  long"
"1","   lat"
"1","
 "
"1"," 46.77"
"1"," 24.65"
"1","
x"
"1"," 14.51"
"1"," 46.06"
"1","
"
"1","
"
"1","
"
"1","[[105]]
"
"1","An object of class "
"1","""Line"""
"1","
"
"1","Slot "
"1","""coords"""
"1",":
"
"1"," "
"1","  long"
"1","   lat"
"1","
 "
"1"," 46.77"
"1"," 24.65"
"1","
x"
"1"," 45.33"
"1","  2.05"
"1","
"
"1","
"
"1","
"
"1","[[106]]
"
"1","An object of class "
"1","""Line"""
"1","
"
"1","Slot "
"1","""coords"""
"1",":
"
"1"," "
"1","  long"
"1","    lat"
"1","
 "
"1"," 46.77"
"1","  24.65"
"1","
x"
"1"," 28.22"
"1"," -25.73"
"1","
"
"1","
"
"1","
"
"1","[[107]]
"
"1","An object of class "
"1","""Line"""
"1","
"
"1","Slot "
"1","""coords"""
"1",":
"
"1"," "
"1","  long"
"1","   lat"
"1","
 "
"1"," 46.77"
"1"," 24.65"
"1","
x"
"1"," -3.71"
"1"," 40.42"
"1","
"
"1","
"
"1","
"
"1","[[108]]
"
"1","An object of class "
"1","""Line"""
"1","
"
"1","Slot "
"1","""coords"""
"1",":
"
"1"," "
"1","  long"
"1","   lat"
"1","
 "
"1"," 46.77"
"1"," 24.65"
"1","
x"
"1"," 79.85"
"1","  6.93"
"1","
"
"1","
"
"1","
"
"1","[[109]]
"
"1","An object of class "
"1","""Line"""
"1","
"
"1","Slot "
"1","""coords"""
"1",":
"
"1"," "
"1","  long"
"1","   lat"
"1","
 "
"1"," 46.77"
"1"," 24.65"
"1","
x"
"1"," 32.52"
"1"," 15.58"
"1","
"
"1","
"
"1","
"
"1","[[110]]
"
"1","An object of class "
"1","""Line"""
"1","
"
"1","Slot "
"1","""coords"""
"1",":
"
"1"," "
"1","  long"
"1","   lat"
"1","
 "
"1"," 46.77"
"1"," 24.65"
"1","
x"
"1"," 58.54"
"1"," 23.61"
"1","
"
"1","
"
"1","
"
"1","[[111]]
"
"1","An object of class "
"1","""Line"""
"1","
"
"1","Slot "
"1","""coords"""
"1",":
"
"1"," "
"1","  long"
"1","    lat"
"1","
 "
"1"," 46.77"
"1","  24.65"
"1","
x"
"1"," 31.14"
"1"," -26.32"
"1","
"
"1","
"
"1","
"
"1","[[112]]
"
"1","An object of class "
"1","""Line"""
"1","
"
"1","Slot "
"1","""coords"""
"1",":
"
"1"," "
"1","  long"
"1","   lat"
"1","
 "
"1"," 46.77"
"1"," 24.65"
"1","
x"
"1"," 18.07"
"1"," 59.33"
"1","
"
"1","
"
"1","
"
"1","[[113]]
"
"1","An object of class "
"1","""Line"""
"1","
"
"1","Slot "
"1","""coords"""
"1",":
"
"1"," "
"1","  long"
"1","   lat"
"1","
 "
"1"," 46.77"
"1"," 24.65"
"1","
x"
"1","  7.44"
"1"," 46.95"
"1","
"
"1","
"
"1","
"
"1","[[114]]
"
"1","An object of class "
"1","""Line"""
"1","
"
"1","Slot "
"1","""coords"""
"1",":
"
"1"," "
"1","  long"
"1","   lat"
"1","
 "
"1"," 46.77"
"1"," 24.65"
"1","
x"
"1"," 36.32"
"1"," 33.50"
"1","
"
"1","
"
"1","
"
"1","[[115]]
"
"1","An object of class "
"1","""Line"""
"1","
"
"1","Slot "
"1","""coords"""
"1",":
"
"1"," "
"1","   long"
"1","   lat"
"1","
 "
"1","  46.77"
"1"," 24.65"
"1","
x"
"1"," 121.45"
"1"," 25.02"
"1","
"
"1","
"
"1","
"
"1","[[116]]
"
"1","An object of class "
"1","""Line"""
"1","
"
"1","Slot "
"1","""coords"""
"1",":
"
"1"," "
"1","  long"
"1","   lat"
"1","
 "
"1"," 46.77"
"1"," 24.65"
"1","
x"
"1"," 35.74"
"1"," -6.17"
"1","
"
"1","
"
"1","
"
"1","[[117]]
"
"1","An object of class "
"1","""Line"""
"1","
"
"1","Slot "
"1","""coords"""
"1",":
"
"1"," "
"1","   long"
"1","   lat"
"1","
 "
"1","  46.77"
"1"," 24.65"
"1","
x"
"1"," 100.50"
"1"," 13.73"
"1","
"
"1","
"
"1","
"
"1","[[118]]
"
"1","An object of class "
"1","""Line"""
"1","
"
"1","Slot "
"1","""coords"""
"1",":
"
"1"," "
"1","  long"
"1","   lat"
"1","
 "
"1"," 46.77"
"1"," 24.65"
"1","
x"
"1"," 10.22"
"1"," 36.84"
"1","
"
"1","
"
"1","
"
"1","[[119]]
"
"1","An object of class "
"1","""Line"""
"1","
"
"1","Slot "
"1","""coords"""
"1",":
"
"1"," "
"1","  long"
"1","   lat"
"1","
 "
"1"," 46.77"
"1"," 24.65"
"1","
x"
"1"," 32.85"
"1"," 39.93"
"1","
"
"1","
"
"1","
"
"1","[[120]]
"
"1","An object of class "
"1","""Line"""
"1","
"
"1","Slot "
"1","""coords"""
"1",":
"
"1"," "
"1","  long"
"1","   lat"
"1","
 "
"1"," 46.77"
"1"," 24.65"
"1","
x"
"1"," 30.52"
"1"," 50.43"
"1","
"
"1","
"
"1","
"
"1","[[121]]
"
"1","An object of class "
"1","""Line"""
"1","
"
"1","Slot "
"1","""coords"""
"1",":
"
"1"," "
"1","  long"
"1","   lat"
"1","
 "
"1"," 46.77"
"1"," 24.65"
"1","
x"
"1"," 54.37"
"1"," 24.48"
"1","
"
"1","
"
"1","
"
"1","[[122]]
"
"1","An object of class "
"1","""Line"""
"1","
"
"1","Slot "
"1","""coords"""
"1",":
"
"1"," "
"1","  long"
"1","   lat"
"1","
 "
"1"," 46.77"
"1"," 24.65"
"1","
x"
"1"," -0.10"
"1"," 51.52"
"1","
"
"1","
"
"1","
"
"1","[[123]]
"
"1","An object of class "
"1","""Line"""
"1","
"
"1","Slot "
"1","""coords"""
"1",":
"
"1"," "
"1","   long"
"1","    lat"
"1","
 "
"1","  46.77"
"1","  24.65"
"1","
x"
"1"," -56.17"
"1"," -34.87"
"1","
"
"1","
"
"1","
"
"1","[[124]]
"
"1","An object of class "
"1","""Line"""
"1","
"
"1","Slot "
"1","""coords"""
"1",":
"
"1"," "
"1","   long"
"1","   lat"
"1","
 "
"1","  46.77"
"1"," 24.65"
"1","
x"
"1"," -77.02"
"1"," 38.91"
"1","
"
"1","
"
"1","
"
"1","[[125]]
"
"1","An object of class "
"1","""Line"""
"1","
"
"1","Slot "
"1","""coords"""
"1",":
"
"1"," "
"1","  long"
"1","   lat"
"1","
 "
"1"," 46.77"
"1"," 24.65"
"1","
x"
"1"," 69.30"
"1"," 41.31"
"1","
"
"1","
"
"1","
"
"1","[[126]]
"
"1","An object of class "
"1","""Line"""
"1","
"
"1","Slot "
"1","""coords"""
"1",":
"
"1"," "
"1","   long"
"1","   lat"
"1","
 "
"1","  46.77"
"1"," 24.65"
"1","
x"
"1"," 105.84"
"1"," 21.03"
"1","
"
"1","
"
"1","
"
"1","[[127]]
"
"1","An object of class "
"1","""Line"""
"1","
"
"1","Slot "
"1","""coords"""
"1",":
"
"1"," "
"1","  long"
"1","    lat"
"1","
 "
"1"," 46.77"
"1","  24.65"
"1","
x"
"1"," 28.29"
"1"," -15.42"
"1","
"
"1","
"
"1","
"
"1","[[128]]
"
"1","An object of class "
"1","""Line"""
"1","
"
"1","Slot "
"1","""coords"""
"1",":
"
"1"," "
"1","  long"
"1","    lat"
"1","
 "
"1"," 46.77"
"1","  24.65"
"1","
x"
"1"," 31.05"
"1"," -17.82"
"1","
"
"1","
"
"1","
"
